scenario,sensitivity,specificity,annual_housing_supply,true_chronic_abandon_prob,true_chronic_abandon_se,true_transient_abandon_prob,unresolved_prob
baseline,0.65,0.65,50,0.4479166666666667,0.006249999999999996,0.6962962962962963,0.0
baseline,0.65,0.65,55,0.42430555555555555,0.0050077101048110915,0.6675925925925926,0.0
baseline,0.65,0.65,60,0.3972222222222222,0.005423784497157395,0.6430555555555556,0.0
baseline,0.65,0.65,65,0.3590277777777778,0.0025038550524055393,0.6240740740740741,0.0
baseline,0.65,0.65,70,0.33194444444444443,0.005933335934248283,0.6050925925925926,0.0
baseline,0.65,0.65,75,0.30833333333333335,0.01027683929649218,0.5842592592592593,0.0
baseline,0.65,0.65,80,0.2972222222222222,0.009107553505974999,0.5550925925925926,0.0
baseline,0.65,0.65,85,0.2798611111111111,0.010370267029908384,0.5300925925925926,0.0
baseline,0.65,0.65,90,0.25972222222222224,0.011431998356357172,0.512037037037037,0.0
baseline,0.65,0.65,95,0.24305555555555555,0.01383670753136894,0.4930555555555556,0.0
baseline,0.65,0.65,100,0.2263888888888889,0.01297329284185375,0.4703703703703703,0.0
baseline,0.65,0.65,105,0.2076388888888889,0.012344714468493879,0.4537037037037037,0.0
baseline,0.65,0.65,110,0.19652777777777777,0.011368545516489517,0.4310185185185185,0.0
baseline,0.65,0.65,115,0.18541666666666667,0.016839382851364087,0.4069444444444445,0.0
baseline,0.65,0.65,120,0.1715277777777778,0.017444245398722878,0.38472222222222224,0.0
baseline,0.65,0.65,125,0.1638888888888889,0.01685369597154389,0.3657407407407407,0.0
baseline,0.65,0.65,130,0.15208333333333332,0.019690898442719203,0.3439814814814815,0.0
baseline,0.65,0.65,135,0.1451388888888889,0.021828102285419045,0.325,0.0
baseline,0.65,0.65,140,0.13819444444444443,0.018095575306660252,0.3023148148148148,0.0
baseline,0.65,0.65,145,0.12708333333333333,0.013230943668928921,0.28425925925925927,0.0
baseline,0.65,0.65,150,0.11388888888888889,0.01633052224486784,0.27037037037037037,0.0
improve_both,0.85,0.85,50,0.3527777777777778,0.0013888888888889024,0.7555555555555555,0.0
improve_both,0.85,0.85,55,0.30972222222222223,0.010015420209622193,0.7416666666666667,0.0
improve_both,0.85,0.85,60,0.2722222222222222,0.005007710104811097,0.7222222222222222,0.0
improve_both,0.85,0.85,65,0.2340277777777778,0.006054026310473152,0.7050925925925925,0.0
improve_both,0.85,0.85,70,0.2111111111111111,0.0027777777777777775,0.6847222222222222,0.0
improve_both,0.85,0.85,75,0.18611111111111112,0.010229805460177937,0.6643518518518519,0.0
improve_both,0.85,0.85,80,0.1729166666666667,0.00962250448649376,0.638888888888889,0.0
improve_both,0.85,0.85,85,0.16180555555555556,0.012748305382420711,0.612037037037037,0.0
improve_both,0.85,0.85,90,0.15902777777777777,0.014500425706820214,0.5810185185185185,0.0
improve_both,0.85,0.85,95,0.15347222222222223,0.014450452810197783,0.5555555555555555,0.0
improve_both,0.85,0.85,100,0.14305555555555557,0.013303641708797234,0.5310185185185184,0.0
improve_both,0.85,0.85,105,0.1361111111111111,0.013836707531368946,0.5041666666666667,0.0
improve_both,0.85,0.85,110,0.13055555555555556,0.015651982874423116,0.47685185185185186,0.0
improve_both,0.85,0.85,115,0.12708333333333335,0.0162713534914722,0.44537037037037036,0.0
improve_both,0.85,0.85,120,0.11874999999999998,0.01867268008298438,0.4236111111111111,0.0
improve_both,0.85,0.85,125,0.11805555555555554,0.019257534199808395,0.39814814814814814,0.0
improve_both,0.85,0.85,130,0.11597222222222221,0.019849452677717296,0.3712962962962963,0.0
improve_both,0.85,0.85,135,0.11319444444444444,0.01805555555555555,0.34259259259259256,0.0
improve_both,0.85,0.85,140,0.10763888888888888,0.016241688282675693,0.3222222222222222,0.0
improve_both,0.85,0.85,145,0.10277777777777779,0.01569813132702405,0.3013888888888889,0.0
improve_both,0.85,0.85,150,0.10069444444444446,0.016896562584161723,0.27638888888888885,0.0
reduce_false_negatives,0.85,0.65,50,0.40972222222222227,0.004553776752987503,0.7185185185185184,0.0
reduce_false_negatives,0.85,0.65,55,0.3729166666666666,0.006249999999999996,0.7013888888888888,0.0
reduce_false_negatives,0.85,0.65,60,0.34652777777777777,0.0042241406460404324,0.6749999999999999,0.0
reduce_false_negatives,0.85,0.65,65,0.3201388888888889,0.003674654598700825,0.650925925925926,0.0
reduce_false_negatives,0.85,0.65,70,0.2895833333333333,0.007511565157216636,0.6310185185185185,0.0
reduce_false_negatives,0.85,0.65,75,0.2513888888888889,0.003674654598700832,0.6194444444444445,0.0
reduce_false_negatives,0.85,0.65,80,0.22361111111111112,0.0034722222222222194,0.6037037037037037,0.0
reduce_false_negatives,0.85,0.65,85,0.2034722222222222,0.008448281292080863,0.5787037037037037,0.0
reduce_false_negatives,0.85,0.65,90,0.19166666666666665,0.012729376930432896,0.5560185185185186,0.0
reduce_false_negatives,0.85,0.65,95,0.18194444444444446,0.012748305382420711,0.5342592592592593,0.0
reduce_false_negatives,0.85,0.65,100,0.1729166666666667,0.015023130314433293,0.5069444444444445,0.0
reduce_false_negatives,0.85,0.65,105,0.1625,0.013393959390267987,0.4842592592592592,0.0
reduce_false_negatives,0.85,0.65,110,0.15416666666666667,0.015774745405000755,0.45925925925925926,0.0
reduce_false_negatives,0.85,0.65,115,0.15069444444444444,0.01809557530666025,0.42962962962962964,0.0
reduce_false_negatives,0.85,0.65,120,0.1451388888888889,0.017444245398722875,0.4046296296296297,0.0
reduce_false_negatives,0.85,0.65,125,0.13541666666666666,0.0180421959121758,0.38240740740740736,0.0
reduce_false_negatives,0.85,0.65,130,0.13194444444444445,0.015039172102574801,0.36018518518518516,0.0
reduce_false_negatives,0.85,0.65,135,0.12569444444444444,0.013678969169161254,0.337037037037037,0.0
reduce_false_negatives,0.85,0.65,140,0.11944444444444445,0.015039172102574805,0.3162037037037037,0.0
reduce_false_negatives,0.85,0.65,145,0.1076388888888889,0.014500425706820209,0.2967592592592592,0.0
reduce_false_negatives,0.85,0.65,150,0.10486111111111111,0.01565198287442312,0.27546296296296297,0.0
reduce_false_positives,0.65,0.85,50,0.38055555555555554,0.005684272758244755,0.737962962962963,0.0
reduce_false_positives,0.65,0.85,55,0.35555555555555557,0.0025038550524055393,0.7129629629629629,0.0
reduce_false_positives,0.65,0.85,60,0.3194444444444445,0.0034722222222222285,0.6930555555555555,0.0
reduce_false_positives,0.65,0.85,65,0.29444444444444445,0.01111111111111111,0.6703703703703704,0.0
reduce_false_positives,0.65,0.85,70,0.2743055555555556,0.01597222222222222,0.6458333333333334,0.0
reduce_false_positives,0.65,0.85,75,0.25,0.01478041434291164,0.6222222222222222,0.0
reduce_false_positives,0.65,0.85,80,0.2354166666666667,0.013555014788849403,0.5972222222222222,0.0
reduce_false_positives,0.65,0.85,85,0.2236111111111111,0.015325053118551325,0.5712962962962963,0.0
reduce_false_positives,0.65,0.85,90,0.2111111111111111,0.014550226972053446,0.5476851851851853,0.0
reduce_false_positives,0.65,0.85,95,0.20138888888888887,0.013194444444444448,0.5222222222222223,0.0
reduce_false_positives,0.65,0.85,100,0.18888888888888888,0.01523035569407035,0.500462962962963,0.0
reduce_false_positives,0.65,0.85,105,0.18125,0.019357444256619935,0.47453703703703703,0.0
reduce_false_positives,0.65,0.85,110,0.1715277777777778,0.018646835530691044,0.4490740740740741,0.0
reduce_false_positives,0.65,0.85,115,0.16111111111111112,0.020740534059816778,0.425,0.0
reduce_false_positives,0.65,0.85,120,0.14930555555555555,0.01944444444444445,0.40324074074074073,0.0
reduce_false_positives,0.65,0.85,125,0.14027777777777778,0.018095575306660252,0.3810185185185185,0.0
reduce_false_positives,0.65,0.85,130,0.13680555555555554,0.015039172102574805,0.3527777777777778,0.0
reduce_false_positives,0.65,0.85,135,0.12777777777777777,0.01330364170879723,0.3351851851851852,0.0
reduce_false_positives,0.65,0.85,140,0.11458333333333333,0.012500000000000002,0.3175925925925926,0.0
reduce_false_positives,0.65,0.85,145,0.10486111111111111,0.013411949941547202,0.2986111111111111,0.0
reduce_false_positives,0.65,0.85,150,0.10208333333333335,0.015356489157983324,0.274537037037037,0.0
