improvement,reference_supply,reference_outcome,required_supply_improved_classifier,housing_equivalent
reduce_false_negatives,50.0,0.4479166666666667,50.0,0.0
reduce_false_negatives,55.0,0.42430555555555555,50.0,5.0
reduce_false_negatives,60.0,0.3972222222222222,51.69811320754717,8.301886792452827
reduce_false_negatives,65.0,0.3590277777777778,57.63157894736842,7.368421052631582
reduce_false_negatives,70.0,0.33194444444444443,62.76315789473685,7.23684210526315
reduce_false_negatives,75.0,0.30833333333333335,66.93181818181819,8.068181818181813
reduce_false_negatives,80.0,0.2972222222222222,68.75,11.25
reduce_false_negatives,85.0,0.2798611111111111,71.27272727272727,13.727272727272734
reduce_false_negatives,90.0,0.25972222222222224,73.9090909090909,16.090909090909093
reduce_false_negatives,95.0,0.24305555555555555,76.5,18.5
reduce_false_negatives,100.0,0.2263888888888889,79.5,20.5
reduce_false_negatives,105.0,0.2076388888888889,83.9655172413793,21.034482758620697
reduce_false_negatives,110.0,0.19652777777777777,87.94117647058823,22.058823529411768
reduce_false_negatives,115.0,0.18541666666666667,93.21428571428571,21.785714285714292
reduce_false_negatives,120.0,0.1715277777777778,100.66666666666666,19.333333333333343
reduce_false_negatives,125.0,0.1638888888888889,104.33333333333334,20.666666666666657
reduce_false_negatives,130.0,0.15208333333333332,113.00000000000001,16.999999999999986
reduce_false_negatives,135.0,0.1451388888888889,120.0,15.0
reduce_false_negatives,140.0,0.13819444444444443,123.57142857142858,16.428571428571416
reduce_false_negatives,145.0,0.12708333333333333,133.88888888888889,11.111111111111114
reduce_false_negatives,150.0,0.11388888888888889,142.35294117647058,7.64705882352942
reduce_false_positives,50.0,0.4479166666666667,50.0,0.0
reduce_false_positives,55.0,0.42430555555555555,50.0,5.0
reduce_false_positives,60.0,0.3972222222222222,50.0,10.0
reduce_false_positives,65.0,0.3590277777777778,54.30555555555556,10.694444444444443
reduce_false_positives,70.0,0.33194444444444443,58.269230769230774,11.730769230769226
reduce_false_positives,75.0,0.30833333333333335,62.22222222222222,12.777777777777779
reduce_false_positives,80.0,0.2972222222222222,64.44444444444444,15.555555555555557
reduce_false_positives,85.0,0.2798611111111111,68.62068965517241,16.379310344827587
reduce_false_positives,90.0,0.25972222222222224,73.0,17.0
reduce_false_positives,95.0,0.24305555555555555,77.38095238095238,17.61904761904762
reduce_false_positives,100.0,0.2263888888888889,83.8235294117647,16.176470588235304
reduce_false_positives,105.0,0.2076388888888889,91.78571428571428,13.214285714285722
reduce_false_positives,110.0,0.19652777777777777,96.94444444444444,13.055555555555557
reduce_false_positives,115.0,0.18541666666666667,102.27272727272727,12.727272727272734
reduce_false_positives,120.0,0.1715277777777778,110.0,10.0
reduce_false_positives,125.0,0.1638888888888889,113.66666666666667,11.333333333333329
reduce_false_positives,130.0,0.15208333333333332,118.82352941176471,11.17647058823529
reduce_false_positives,135.0,0.1451388888888889,122.3076923076923,12.692307692307693
reduce_false_positives,140.0,0.13819444444444443,128.00000000000003,11.999999999999972
reduce_false_positives,145.0,0.12708333333333333,135.26315789473685,9.73684210526315
reduce_false_positives,150.0,0.11388888888888889,140.35714285714286,9.642857142857139
improve_both,50.0,0.4479166666666667,50.0,0.0
improve_both,55.0,0.42430555555555555,50.0,5.0
improve_both,60.0,0.3972222222222222,50.0,10.0
improve_both,65.0,0.3590277777777778,50.0,15.0
improve_both,70.0,0.33194444444444443,52.41935483870968,17.58064516129032
improve_both,75.0,0.30833333333333335,55.18518518518518,19.814814814814817
improve_both,80.0,0.2972222222222222,56.666666666666664,23.333333333333336
improve_both,85.0,0.2798611111111111,58.98148148148148,26.01851851851852
improve_both,90.0,0.25972222222222224,61.63636363636363,28.363636363636367
improve_both,95.0,0.24305555555555555,63.81818181818182,31.18181818181818
improve_both,100.0,0.2263888888888889,66.66666666666667,33.33333333333333
improve_both,105.0,0.2076388888888889,70.69444444444444,34.30555555555556
improve_both,110.0,0.19652777777777777,72.91666666666667,37.08333333333333
improve_both,115.0,0.18541666666666667,75.26315789473684,39.736842105263165
improve_both,120.0,0.1715277777777778,80.625,39.375
improve_both,125.0,0.1638888888888889,84.0625,40.9375
improve_both,130.0,0.15208333333333332,95.66666666666667,34.33333333333333
improve_both,135.0,0.1451388888888889,99.0,36.0
improve_both,140.0,0.13819444444444443,103.50000000000001,36.499999999999986
improve_both,145.0,0.12708333333333333,115.00000000000001,29.999999999999986
improve_both,150.0,0.11388888888888889,133.75,16.25
