classifier_quality,sensitivity,specificity,annual_housing_supply,true_chronic_abandon_prob,true_chronic_abandon_se,true_transient_abandon_prob,unresolved_prob
0.5,0.55,0.45,50,0.5277777777777778,0.004553776752987484,0.6421296296296296,0.0
0.5,0.55,0.45,55,0.5013888888888889,0.010780676872402813,0.6171296296296296,0.0
0.5,0.55,0.45,60,0.48680555555555555,0.010847568994314792,0.5847222222222223,0.0
0.5,0.55,0.45,65,0.46875,0.006696979695134005,0.5555555555555555,0.0
0.5,0.55,0.45,70,0.43124999999999997,0.004166666666666671,0.5407407407407407,0.0
0.5,0.55,0.45,75,0.4055555555555556,0.007825991437211563,0.5226851851851851,0.0
0.5,0.55,0.45,80,0.3826388888888889,0.01633052224486785,0.49907407407407406,0.0
0.5,0.55,0.45,85,0.37152777777777785,0.016152365763351398,0.4712962962962963,0.0
0.5,0.55,0.45,90,0.3541666666666667,0.015636569790552363,0.4486111111111111,0.0
0.5,0.55,0.45,95,0.3423611111111111,0.012973292841853763,0.4277777777777778,0.0
0.5,0.55,0.45,100,0.3138888888888889,0.00972222222222222,0.4148148148148148,0.0
0.5,0.55,0.45,105,0.3013888888888889,0.012285976397884809,0.39212962962962966,0.0
0.5,0.55,0.45,110,0.27152777777777776,0.014500425706820206,0.3787037037037037,0.0
0.5,0.55,0.45,115,0.2604166666666667,0.0165359456941537,0.3537037037037037,0.0
0.5,0.55,0.45,120,0.23750000000000002,0.013871516913498744,0.33749999999999997,0.0
0.5,0.55,0.45,125,0.22291666666666665,0.01867268008298437,0.32037037037037036,0.0
0.5,0.55,0.45,130,0.20625000000000002,0.016271353491472195,0.3055555555555556,0.0
0.5,0.55,0.45,135,0.19166666666666665,0.01443375672974065,0.29212962962962963,0.0
0.5,0.55,0.45,140,0.17361111111111108,0.012634309304625177,0.2796296296296296,0.0
0.5,0.55,0.45,145,0.15208333333333332,0.01535648915798332,0.2662037037037037,0.0
0.5,0.55,0.45,150,0.13125,0.011474105306846045,0.2546296296296296,0.0
0.525,0.5750000000000001,0.47500000000000003,50,0.5152777777777778,0.0066245777876176885,0.6509259259259259,0.0
0.525,0.5750000000000001,0.47500000000000003,55,0.48819444444444443,0.014550226972053463,0.6263888888888889,0.0
0.525,0.5750000000000001,0.47500000000000003,60,0.47152777777777777,0.014450452810197781,0.5953703703703703,0.0
0.525,0.5750000000000001,0.47500000000000003,65,0.4534722222222222,0.007825991437211563,0.5657407407407408,0.0
0.525,0.5750000000000001,0.47500000000000003,70,0.4166666666666667,0.006696979695133991,0.5527777777777777,0.0
0.525,0.5750000000000001,0.47500000000000003,75,0.38958333333333334,0.010825317547305478,0.5337962962962962,0.0
0.525,0.5750000000000001,0.47500000000000003,80,0.36527777777777776,0.01841260219939285,0.5106481481481482,0.0
0.525,0.5750000000000001,0.47500000000000003,85,0.3541666666666667,0.018903691095578067,0.4810185185185185,0.0
0.525,0.5750000000000001,0.47500000000000003,90,0.3361111111111111,0.01637475850354389,0.4587962962962963,0.0
0.525,0.5750000000000001,0.47500000000000003,95,0.32222222222222224,0.0134119499415472,0.4407407407407407,0.0
0.525,0.5750000000000001,0.47500000000000003,100,0.3013888888888889,0.012634309304625177,0.4231481481481481,0.0
0.525,0.5750000000000001,0.47500000000000003,105,0.28402777777777777,0.012048160814512127,0.40324074074074073,0.0
0.525,0.5750000000000001,0.47500000000000003,110,0.2604166666666667,0.015911721163041116,0.3875,0.0
0.525,0.5750000000000001,0.47500000000000003,115,0.2465277777777778,0.017732146298338476,0.3620370370370371,0.0
0.525,0.5750000000000001,0.47500000000000003,120,0.22916666666666666,0.014180956844904252,0.3435185185185185,0.0
0.525,0.5750000000000001,0.47500000000000003,125,0.21388888888888888,0.017854111294697838,0.325462962962963,0.0
0.525,0.5750000000000001,0.47500000000000003,130,0.2041666666666667,0.01220721932725482,0.3055555555555556,0.0
0.525,0.5750000000000001,0.47500000000000003,135,0.18888888888888888,0.015881384202818434,0.29212962962962963,0.0
0.525,0.5750000000000001,0.47500000000000003,140,0.16805555555555554,0.014698618394803279,0.28194444444444444,0.0
0.525,0.5750000000000001,0.47500000000000003,145,0.14652777777777778,0.015135065776182897,0.26851851851851855,0.0
0.525,0.5750000000000001,0.47500000000000003,150,0.12847222222222224,0.011431998356357172,0.2555555555555556,0.0
0.55,0.6000000000000001,0.5,50,0.5013888888888889,0.009342794477134507,0.6574074074074074,0.0
0.55,0.6000000000000001,0.5,55,0.47430555555555554,0.015039172102574798,0.6328703703703704,0.0
0.55,0.6000000000000001,0.5,60,0.4548611111111111,0.0144504528101978,0.6041666666666666,0.0
0.55,0.6000000000000001,0.5,65,0.4354166666666666,0.007887372702500384,0.575462962962963,0.0
0.55,0.6000000000000001,0.5,70,0.40277777777777773,0.003866503029743069,0.5587962962962963,0.0
0.55,0.6000000000000001,0.5,75,0.3743055555555556,0.006624577787617684,0.5412037037037037,0.0
0.55,0.6000000000000001,0.5,80,0.34930555555555554,0.014550226972053444,0.5189814814814815,0.0
0.55,0.6000000000000001,0.5,85,0.3354166666666667,0.0165359456941537,0.49074074074074076,0.0
0.55,0.6000000000000001,0.5,90,0.3201388888888889,0.015466012118972276,0.4685185185185185,0.0
0.55,0.6000000000000001,0.5,95,0.3055555555555556,0.012634309304625177,0.45092592592592595,0.0
0.55,0.6000000000000001,0.5,100,0.2888888888888889,0.011682363778653287,0.4305555555555556,0.0
0.55,0.6000000000000001,0.5,105,0.26875,0.01027683929649218,0.412962962962963,0.0
0.55,0.6000000000000001,0.5,110,0.24722222222222223,0.014942663049548622,0.39490740740740743,0.0
0.55,0.6000000000000001,0.5,115,0.23402777777777775,0.017526985366838835,0.37083333333333335,0.0
0.55,0.6000000000000001,0.5,120,0.22013888888888888,0.01319444444444444,0.3509259259259259,0.0
0.55,0.6000000000000001,0.5,125,0.20486111111111113,0.01801544690426785,0.3337962962962963,0.0
0.55,0.6000000000000001,0.5,130,0.19722222222222222,0.012048160814512134,0.31157407407407406,0.0
0.55,0.6000000000000001,0.5,135,0.17777777777777778,0.012861291095452875,0.29953703703703705,0.0
0.55,0.6000000000000001,0.5,140,0.16041666666666668,0.015911721163041116,0.2884259259259259,0.0
0.55,0.6000000000000001,0.5,145,0.14305555555555555,0.012634309304625174,0.2722222222222222,0.0
0.55,0.6000000000000001,0.5,150,0.12638888888888888,0.0108475689943148,0.25787037037037036,0.0
0.5750000000000001,0.6250000000000001,0.525,50,0.4895833333333333,0.009845449221359602,0.6675925925925926,0.0
0.5750000000000001,0.6250000000000001,0.525,55,0.46388888888888885,0.008866073149169245,0.6416666666666667,0.0
0.5750000000000001,0.6250000000000001,0.525,60,0.4444444444444445,0.011557859011870314,0.612962962962963,0.0
0.5750000000000001,0.6250000000000001,0.525,65,0.42291666666666666,0.0024056261216234324,0.5851851851851851,0.0
0.5750000000000001,0.6250000000000001,0.525,70,0.38680555555555557,0.0025038550524055393,0.5699074074074074,0.0
0.5750000000000001,0.6250000000000001,0.525,75,0.3576388888888889,0.003674654598700808,0.5523148148148148,0.0
0.5750000000000001,0.6250000000000001,0.525,80,0.3347222222222222,0.010087388226620801,0.5300925925925926,0.0
0.5750000000000001,0.6250000000000001,0.525,85,0.3194444444444444,0.011866671868496567,0.5032407407407408,0.0
0.5750000000000001,0.6250000000000001,0.525,90,0.30416666666666664,0.011474105306846042,0.47962962962962963,0.0
0.5750000000000001,0.6250000000000001,0.525,95,0.28958333333333336,0.009622504486493778,0.46296296296296297,0.0
0.5750000000000001,0.6250000000000001,0.525,100,0.2763888888888889,0.00934279447713452,0.4388888888888889,0.0
0.5750000000000001,0.6250000000000001,0.525,105,0.25277777777777777,0.010229805460177937,0.42361111111111116,0.0
0.5750000000000001,0.6250000000000001,0.525,110,0.23611111111111113,0.01424880870047444,0.4023148148148148,0.0
0.5750000000000001,0.6250000000000001,0.525,115,0.225,0.016710013077105516,0.3763888888888889,0.0
0.5750000000000001,0.6250000000000001,0.525,120,0.20902777777777778,0.012167649630510582,0.35833333333333334,0.0
0.5750000000000001,0.6250000000000001,0.525,125,0.19722222222222222,0.015512713822006028,0.33888888888888885,0.0
0.5750000000000001,0.6250000000000001,0.525,130,0.19027777777777777,0.012519275262027738,0.3171296296296296,0.0
0.5750000000000001,0.6250000000000001,0.525,135,0.17013888888888892,0.01297329284185375,0.30509259259259264,0.0
0.5750000000000001,0.6250000000000001,0.525,140,0.14930555555555555,0.01944444444444445,0.29444444444444445,0.0
0.5750000000000001,0.6250000000000001,0.525,145,0.1388888888888889,0.015039172102574803,0.27685185185185185,0.0
0.5750000000000001,0.6250000000000001,0.525,150,0.125,0.01147410530684605,0.26064814814814813,0.0
0.6000000000000001,0.6500000000000001,0.55,50,0.4694444444444444,0.007250212853410111,0.6782407407407408,0.0
0.6000000000000001,0.6500000000000001,0.55,55,0.44861111111111107,0.008187379251771949,0.6513888888888889,0.0
0.6000000000000001,0.6500000000000001,0.55,60,0.4298611111111111,0.009722222222222224,0.6199074074074074,0.0
0.6000000000000001,0.6500000000000001,0.55,65,0.40625,0.0012028130608117162,0.5939814814814816,0.0
0.6000000000000001,0.6500000000000001,0.55,70,0.36874999999999997,0.0024056261216234484,0.5805555555555556,0.0
0.6000000000000001,0.6500000000000001,0.55,75,0.33819444444444446,0.005423784497157395,0.5643518518518519,0.0
0.6000000000000001,0.6500000000000001,0.55,80,0.3159722222222222,0.00972222222222222,0.5416666666666666,0.0
0.6000000000000001,0.6500000000000001,0.55,85,0.3020833333333333,0.011023963796102458,0.5148148148148147,0.0
0.6000000000000001,0.6500000000000001,0.55,90,0.29097222222222224,0.012519275262027747,0.48888888888888893,0.0
0.6000000000000001,0.6500000000000001,0.55,95,0.2729166666666667,0.009845449221359602,0.4726851851851852,0.0
0.6000000000000001,0.6500000000000001,0.55,100,0.25833333333333336,0.010276839296492186,0.45,0.0
0.6000000000000001,0.6500000000000001,0.55,105,0.23819444444444446,0.012861291095452875,0.4333333333333333,0.0
0.6000000000000001,0.6500000000000001,0.55,110,0.22569444444444442,0.015466012118972281,0.41111111111111115,0.0
0.6000000000000001,0.6500000000000001,0.55,115,0.21388888888888888,0.01910668957249667,0.3847222222222222,0.0
0.6000000000000001,0.6500000000000001,0.55,120,0.1951388888888889,0.012861291095452873,0.3680555555555556,0.0
0.6000000000000001,0.6500000000000001,0.55,125,0.18611111111111112,0.016853695971543882,0.3453703703703703,0.0
0.6000000000000001,0.6500000000000001,0.55,130,0.17569444444444446,0.012108052620946315,0.32685185185185184,0.0
0.6000000000000001,0.6500000000000001,0.55,135,0.15555555555555556,0.019030818897284342,0.3143518518518518,0.0
0.6000000000000001,0.6500000000000001,0.55,140,0.14375000000000002,0.01935744425661994,0.2986111111111111,0.0
0.6000000000000001,0.6500000000000001,0.55,145,0.1326388888888889,0.015651982874423122,0.2814814814814815,0.0
0.6000000000000001,0.6500000000000001,0.55,150,0.12013888888888889,0.012748305382420704,0.2648148148148148,0.0
0.6250000000000001,0.6750000000000002,0.5750000000000001,50,0.4583333333333333,0.01272937693043288,0.687962962962963,0.0
0.6250000000000001,0.6750000000000002,0.5750000000000001,55,0.4381944444444444,0.008008724024076944,0.6592592592592593,0.0
0.6250000000000001,0.6750000000000002,0.5750000000000001,60,0.4166666666666667,0.008673608331108874,0.6300925925925926,0.0
0.6250000000000001,0.6750000000000002,0.5750000000000001,65,0.3902777777777778,0.0034722222222222108,0.6060185185185185,0.0
0.6250000000000001,0.6750000000000002,0.5750000000000001,70,0.3541666666666667,0.0036084391824351644,0.5898148148148148,0.0
0.6250000000000001,0.6750000000000002,0.5750000000000001,75,0.3236111111111111,0.004224140646040431,0.5750000000000001,0.0
0.6250000000000001,0.6750000000000002,0.5750000000000001,80,0.30277777777777776,0.009186636496752054,0.5523148148148148,0.0
0.6250000000000001,0.6750000000000002,0.5750000000000001,85,0.28611111111111115,0.011866671868496567,0.5263888888888889,0.0
0.6250000000000001,0.6750000000000002,0.5750000000000001,90,0.2736111111111111,0.014349984944285996,0.5023148148148149,0.0
0.6250000000000001,0.6750000000000002,0.5750000000000001,95,0.25416666666666665,0.009845449221359602,0.4856481481481481,0.0
0.6250000000000001,0.6750000000000002,0.5750000000000001,100,0.24375,0.013871516913498735,0.4601851851851852,0.0
0.6250000000000001,0.6750000000000002,0.5750000000000001,105,0.22152777777777777,0.013303641708797227,0.44722222222222224,0.0
0.6250000000000001,0.6750000000000002,0.5750000000000001,110,0.20694444444444446,0.010914051142709522,0.4236111111111111,0.0
0.6250000000000001,0.6750000000000002,0.5750000000000001,115,0.19375,0.011023963796102456,0.3976851851851852,0.0
0.6250000000000001,0.6750000000000002,0.5750000000000001,120,0.18680555555555556,0.011557859011870305,0.3782407407407407,0.0
0.6250000000000001,0.6750000000000002,0.5750000000000001,125,0.1763888888888889,0.015039172102574805,0.35462962962962963,0.0
0.6250000000000001,0.6750000000000002,0.5750000000000001,130,0.16666666666666666,0.010825317547305485,0.3361111111111111,0.0
0.6250000000000001,0.6750000000000002,0.5750000000000001,135,0.15416666666666665,0.01478041434291164,0.31805555555555554,0.0
0.6250000000000001,0.6750000000000002,0.5750000000000001,140,0.13680555555555554,0.0198494526777173,0.3032407407407407,0.0
0.6250000000000001,0.6750000000000002,0.5750000000000001,145,0.12777777777777777,0.017444245398722875,0.28472222222222227,0.0
0.6250000000000001,0.6750000000000002,0.5750000000000001,150,0.1173611111111111,0.01641887557991235,0.2689814814814815,0.0
0.6500000000000001,0.7000000000000002,0.6000000000000001,50,0.44236111111111115,0.009722222222222226,0.6976851851851852,0.0
0.6500000000000001,0.7000000000000002,0.6000000000000001,55,0.425,0.005511981898051229,0.6666666666666666,0.0
0.6500000000000001,0.7000000000000002,0.6000000000000001,60,0.4055555555555555,0.005933335934248283,0.6375000000000001,0.0
0.6500000000000001,0.7000000000000002,0.6000000000000001,65,0.3756944444444444,0.006054026310473169,0.6143518518518518,0.0
0.6500000000000001,0.7000000000000002,0.6000000000000001,70,0.34027777777777785,0.007349309197401646,0.5986111111111111,0.0
0.6500000000000001,0.7000000000000002,0.6000000000000001,75,0.3111111111111111,0.004861111111111111,0.5828703703703704,0.0
0.6500000000000001,0.7000000000000002,0.6000000000000001,80,0.2902777777777778,0.006624577787617671,0.5592592592592592,0.0
0.6500000000000001,0.7000000000000002,0.6000000000000001,85,0.27152777777777776,0.011866671868496567,0.5351851851851852,0.0
0.6500000000000001,0.7000000000000002,0.6000000000000001,90,0.25972222222222224,0.013678969169161259,0.5111111111111111,0.0
0.6500000000000001,0.7000000000000002,0.6000000000000001,95,0.2451388888888889,0.008533476199614252,0.49212962962962964,0.0
0.6500000000000001,0.7000000000000002,0.6000000000000001,100,0.23055555555555554,0.014044269733442142,0.4703703703703703,0.0
0.6500000000000001,0.7000000000000002,0.6000000000000001,105,0.2111111111111111,0.01204816081451214,0.4537037037037037,0.0
0.6500000000000001,0.7000000000000002,0.6000000000000001,110,0.19583333333333333,0.011023963796102463,0.4310185185185185,0.0
0.6500000000000001,0.7000000000000002,0.6000000000000001,115,0.18680555555555556,0.01204816081451214,0.40277777777777773,0.0
0.6500000000000001,0.7000000000000002,0.6000000000000001,120,0.18125,0.012672421938121287,0.3810185185185185,0.0
0.6500000000000001,0.7000000000000002,0.6000000000000001,125,0.1708333333333333,0.015071204454312993,0.3592592592592592,0.0
0.6500000000000001,0.7000000000000002,0.6000000000000001,130,0.15902777777777777,0.011431998356357172,0.34259259259259256,0.0
0.6500000000000001,0.7000000000000002,0.6000000000000001,135,0.14791666666666667,0.015911721163041116,0.32222222222222224,0.0
0.6500000000000001,0.7000000000000002,0.6000000000000001,140,0.1326388888888889,0.019849452677717296,0.30694444444444446,0.0
0.6500000000000001,0.7000000000000002,0.6000000000000001,145,0.12569444444444444,0.018055555555555554,0.287962962962963,0.0
0.6500000000000001,0.7000000000000002,0.6000000000000001,150,0.11597222222222221,0.017066952399228487,0.2708333333333333,0.0
0.6750000000000002,0.7250000000000002,0.6250000000000001,50,0.4354166666666666,0.007316426217258839,0.7018518518518518,0.0
0.6750000000000002,0.7250000000000002,0.6250000000000001,55,0.4138888888888889,0.004861111111111111,0.6749999999999999,0.0
0.6750000000000002,0.7250000000000002,0.6250000000000001,60,0.39166666666666666,0.004336804165554428,0.6476851851851851,0.0
0.6750000000000002,0.7250000000000002,0.6250000000000001,65,0.36180555555555555,0.007638888888888881,0.624537037037037,0.0
0.6750000000000002,0.7250000000000002,0.6250000000000001,70,0.3236111111111111,0.008187379251771949,0.611111111111111,0.0
0.6750000000000002,0.7250000000000002,0.6250000000000001,75,0.2965277777777778,0.005555555555555555,0.5949074074074074,0.0
0.6750000000000002,0.7250000000000002,0.6250000000000001,80,0.27569444444444446,0.007047841364647386,0.5699074074074074,0.0
0.6750000000000002,0.7250000000000002,0.6250000000000001,85,0.2611111111111111,0.01204816081451214,0.5430555555555555,0.0
0.6750000000000002,0.7250000000000002,0.6250000000000001,90,0.24583333333333335,0.013393959390267985,0.5236111111111111,0.0
0.6750000000000002,0.7250000000000002,0.6250000000000001,95,0.2347222222222222,0.012108052620946313,0.5009259259259259,0.0
0.6750000000000002,0.7250000000000002,0.6250000000000001,100,0.21805555555555556,0.014450452810197781,0.48055555555555557,0.0
0.6750000000000002,0.7250000000000002,0.6250000000000001,105,0.2027777777777778,0.016017448048153884,0.4597222222222222,0.0
0.6750000000000002,0.7250000000000002,0.6250000000000001,110,0.19444444444444445,0.019776431758191864,0.43472222222222223,0.0
0.6750000000000002,0.7250000000000002,0.6250000000000001,115,0.18958333333333333,0.017718542808573715,0.4046296296296297,0.0
0.6750000000000002,0.7250000000000002,0.6250000000000001,120,0.17569444444444446,0.01569813132702405,0.3856481481481482,0.0
0.6750000000000002,0.7250000000000002,0.6250000000000001,125,0.16875000000000004,0.018042195912175808,0.3611111111111111,0.0
0.6750000000000002,0.7250000000000002,0.6250000000000001,130,0.15555555555555556,0.013940874930475508,0.3444444444444444,0.0
0.6750000000000002,0.7250000000000002,0.6250000000000001,135,0.14027777777777778,0.021189092086656057,0.3287037037037037,0.0
0.6750000000000002,0.7250000000000002,0.6250000000000001,140,0.13125,0.019873733362853033,0.3078703703703704,0.0
0.6750000000000002,0.7250000000000002,0.6250000000000001,145,0.12291666666666667,0.016271353491472195,0.2902777777777778,0.0
0.6750000000000002,0.7250000000000002,0.6250000000000001,150,0.11597222222222221,0.01825477698346516,0.2708333333333333,0.0
0.7000000000000002,0.7500000000000002,0.6500000000000001,50,0.425,0.0036084391824351644,0.7111111111111111,0.0
0.7000000000000002,0.7500000000000002,0.6500000000000001,55,0.40277777777777785,0.006624577787617687,0.6833333333333332,0.0
0.7000000000000002,0.7500000000000002,0.6500000000000001,60,0.3756944444444445,0.005007710104811097,0.6587962962962962,0.0
0.7000000000000002,0.7500000000000002,0.6500000000000001,65,0.3458333333333334,0.005511981898051243,0.6342592592592592,0.0
0.7000000000000002,0.7500000000000002,0.6500000000000001,70,0.30624999999999997,0.0020833333333333446,0.6226851851851852,0.0
0.7000000000000002,0.7500000000000002,0.6500000000000001,75,0.28125,0.0036084391824351483,0.6041666666666666,0.0
0.7000000000000002,0.7500000000000002,0.6500000000000001,80,0.2590277777777778,0.009186636496752046,0.5796296296296296,0.0
0.7000000000000002,0.7500000000000002,0.6500000000000001,85,0.24722222222222223,0.013194444444444453,0.5518518518518518,0.0
0.7000000000000002,0.7500000000000002,0.6500000000000001,90,0.2333333333333333,0.012672421938121287,0.5305555555555556,0.0
0.7000000000000002,0.7500000000000002,0.6500000000000001,95,0.21944444444444444,0.015230355694070358,0.5087962962962963,0.0
0.7000000000000002,0.7500000000000002,0.6500000000000001,100,0.20486111111111113,0.014698618394803279,0.487962962962963,0.0
0.7000000000000002,0.7500000000000002,0.6500000000000001,105,0.18819444444444444,0.01263430930462518,0.4675925925925926,0.0
0.7000000000000002,0.7500000000000002,0.6500000000000001,110,0.18194444444444444,0.017193636671027704,0.4421296296296296,0.0
0.7000000000000002,0.7500000000000002,0.6500000000000001,115,0.17847222222222223,0.016241688282675693,0.4106481481481481,0.0
0.7000000000000002,0.7500000000000002,0.6500000000000001,120,0.16319444444444445,0.01706695239922848,0.39212962962962966,0.0
0.7000000000000002,0.7500000000000002,0.6500000000000001,125,0.15555555555555556,0.017193636671027707,0.3680555555555556,0.0
0.7000000000000002,0.7500000000000002,0.6500000000000001,130,0.14027777777777778,0.01706695239922848,0.3527777777777778,0.0
0.7000000000000002,0.7500000000000002,0.6500000000000001,135,0.13333333333333333,0.01924500897298752,0.33240740740740743,0.0
0.7000000000000002,0.7500000000000002,0.6500000000000001,140,0.12638888888888888,0.01760933657375829,0.3101851851851852,0.0
0.7000000000000002,0.7500000000000002,0.6500000000000001,145,0.11944444444444442,0.015135065776182894,0.2902777777777778,0.0
0.7000000000000002,0.7500000000000002,0.6500000000000001,150,0.11527777777777777,0.011368545516489517,0.2689814814814815,0.0
0.7250000000000002,0.7750000000000002,0.6750000000000002,50,0.4131944444444444,0.0042241406460404324,0.7185185185185184,0.0
0.7250000000000002,0.7750000000000002,0.6750000000000002,55,0.39444444444444443,0.004861111111111109,0.6888888888888888,0.0
0.7250000000000002,0.7750000000000002,0.6750000000000002,60,0.3645833333333333,0.004166666666666671,0.6662037037037036,0.0
0.7250000000000002,0.7750000000000002,0.6750000000000002,65,0.33402777777777776,0.006624577787617671,0.6435185185185185,0.0
0.7250000000000002,0.7750000000000002,0.6750000000000002,70,0.2916666666666667,0.0024056261216234484,0.6328703703703704,0.0
0.7250000000000002,0.7750000000000002,0.6750000000000002,75,0.2652777777777778,0.0030270131552365687,0.6143518518518518,0.0
0.7250000000000002,0.7750000000000002,0.6750000000000002,80,0.24722222222222223,0.01228597639788481,0.588425925925926,0.0
0.7250000000000002,0.7750000000000002,0.6750000000000002,85,0.23680555555555557,0.012167649630510582,0.5611111111111112,0.0
0.7250000000000002,0.7750000000000002,0.6750000000000002,90,0.22222222222222224,0.012108052620946315,0.5398148148148149,0.0
0.7250000000000002,0.7750000000000002,0.6750000000000002,95,0.20694444444444446,0.01668112798536711,0.5180555555555556,0.0
0.7250000000000002,0.7750000000000002,0.6750000000000002,100,0.19583333333333333,0.012672421938121296,0.4939814814814815,0.0
0.7250000000000002,0.7750000000000002,0.6750000000000002,105,0.1826388888888889,0.013940874930475508,0.47222222222222227,0.0
0.7250000000000002,0.7750000000000002,0.6750000000000002,110,0.17430555555555557,0.01706695239922848,0.44675925925925924,0.0
0.7250000000000002,0.7750000000000002,0.6750000000000002,115,0.16666666666666666,0.018517071702740813,0.41944444444444445,0.0
0.7250000000000002,0.7750000000000002,0.6750000000000002,120,0.15625,0.017471868924179342,0.3958333333333333,0.0
0.7250000000000002,0.7750000000000002,0.6750000000000002,125,0.14791666666666667,0.016271353491472195,0.3736111111111111,0.0
0.7250000000000002,0.7750000000000002,0.6750000000000002,130,0.13749999999999998,0.016839382851364083,0.35555555555555557,0.0
0.7250000000000002,0.7750000000000002,0.6750000000000002,135,0.1326388888888889,0.018646835530691044,0.33194444444444443,0.0
0.7250000000000002,0.7750000000000002,0.6750000000000002,140,0.12569444444444444,0.01706695239922848,0.30972222222222223,0.0
0.7250000000000002,0.7750000000000002,0.6750000000000002,145,0.11666666666666665,0.013871516913498739,0.2916666666666667,0.0
0.7250000000000002,0.7750000000000002,0.6750000000000002,150,0.11388888888888889,0.011176025652382692,0.26944444444444443,0.0
0.7500000000000002,0.8000000000000003,0.7000000000000002,50,0.4055555555555555,0.005007710104811097,0.7226851851851852,0.0
0.7500000000000002,0.8000000000000003,0.7000000000000002,55,0.3840277777777778,0.0030270131552365834,0.6953703703703704,0.0
0.7500000000000002,0.8000000000000003,0.7000000000000002,60,0.34722222222222227,0.0030270131552365834,0.6768518518518519,0.0
0.7500000000000002,0.8000000000000003,0.7000000000000002,65,0.31666666666666665,0.009547032697824665,0.6532407407407407,0.0
0.7500000000000002,0.8000000000000003,0.7000000000000002,70,0.27569444444444446,0.008866073149169228,0.6407407407407407,0.0
0.7500000000000002,0.8000000000000003,0.7000000000000002,75,0.25069444444444444,0.00422414064604044,0.6212962962962963,0.0
0.7500000000000002,0.8000000000000003,0.7000000000000002,80,0.2340277777777778,0.009186636496752049,0.5935185185185184,0.0
0.7500000000000002,0.8000000000000003,0.7000000000000002,85,0.21805555555555556,0.012108052620946315,0.5708333333333333,0.0
0.7500000000000002,0.8000000000000003,0.7000000000000002,90,0.20555555555555557,0.013249155575235358,0.5486111111111112,0.0
0.7500000000000002,0.8000000000000003,0.7000000000000002,95,0.19027777777777777,0.01752698536683884,0.5277777777777778,0.0
0.7500000000000002,0.8000000000000003,0.7000000000000002,100,0.18125,0.016967766281764742,0.5032407407407408,0.0
0.7500000000000002,0.8000000000000003,0.7000000000000002,105,0.1673611111111111,0.01689656258416172,0.4810185185185185,0.0
0.7500000000000002,0.8000000000000003,0.7000000000000002,110,0.15763888888888888,0.015039172102574798,0.45601851851851855,0.0
0.7500000000000002,0.8000000000000003,0.7000000000000002,115,0.15,0.01747186892417934,0.4305555555555555,0.0
0.7500000000000002,0.8000000000000003,0.7000000000000002,120,0.14375000000000002,0.019357444256619935,0.4046296296296297,0.0
0.7500000000000002,0.8000000000000003,0.7000000000000002,125,0.13333333333333333,0.01867268008298438,0.38379629629629625,0.0
0.7500000000000002,0.8000000000000003,0.7000000000000002,130,0.12986111111111112,0.018095575306660255,0.362037037037037,0.0
0.7500000000000002,0.8000000000000003,0.7000000000000002,135,0.12638888888888888,0.020459610920355885,0.3365740740740741,0.0
0.7500000000000002,0.8000000000000003,0.7000000000000002,140,0.12013888888888889,0.018095575306660252,0.31296296296296294,0.0
0.7500000000000002,0.8000000000000003,0.7000000000000002,145,0.1111111111111111,0.0162416882826757,0.29583333333333334,0.0
0.7500000000000002,0.8000000000000003,0.7000000000000002,150,0.10486111111111111,0.017444245398722875,0.274537037037037,0.0
0.7750000000000002,0.8250000000000003,0.7250000000000002,50,0.38958333333333334,0.006014065304058612,0.7305555555555555,0.0
0.7750000000000002,0.8250000000000003,0.7250000000000002,55,0.37083333333333335,0.011023963796102458,0.701388888888889,0.0
0.7750000000000002,0.8250000000000003,0.7250000000000002,60,0.3347222222222222,0.002777777777777787,0.6833333333333332,0.0
0.7750000000000002,0.8250000000000003,0.7250000000000002,65,0.2965277777777778,0.007349309197401646,0.663425925925926,0.0
0.7750000000000002,0.8250000000000003,0.7250000000000002,70,0.25416666666666665,0.005511981898051234,0.6523148148148148,0.0
0.7750000000000002,0.8250000000000003,0.7250000000000002,75,0.22847222222222222,0.0036746545987008166,0.6347222222222223,0.0
0.7750000000000002,0.8250000000000003,0.7250000000000002,80,0.20902777777777778,0.009722222222222226,0.6087962962962963,0.0
0.7750000000000002,0.8250000000000003,0.7250000000000002,85,0.19444444444444445,0.012048160814512135,0.5851851851851851,0.0
0.7750000000000002,0.8250000000000003,0.7250000000000002,90,0.18541666666666667,0.009845449221359607,0.561111111111111,0.0
0.7750000000000002,0.8250000000000003,0.7250000000000002,95,0.17361111111111113,0.013519390509674852,0.538425925925926,0.0
0.7750000000000002,0.8250000000000003,0.7250000000000002,100,0.16527777777777777,0.01383670753136894,0.5115740740740741,0.0
0.7750000000000002,0.8250000000000003,0.7250000000000002,105,0.15069444444444444,0.012108052620946315,0.49120370370370364,0.0
0.7750000000000002,0.8250000000000003,0.7250000000000002,110,0.14722222222222223,0.01263430930462518,0.46249999999999997,0.0
0.7750000000000002,0.8250000000000003,0.7250000000000002,115,0.14027777777777778,0.01383670753136894,0.4375,0.0
0.7750000000000002,0.8250000000000003,0.7250000000000002,120,0.1361111111111111,0.013940874930475508,0.40925925925925927,0.0
0.7750000000000002,0.8250000000000003,0.7250000000000002,125,0.12708333333333335,0.016271353491472202,0.3893518518518519,0.0
0.7750000000000002,0.8250000000000003,0.7250000000000002,130,0.12430555555555556,0.015651982874423116,0.36574074074074076,0.0
0.7750000000000002,0.8250000000000003,0.7250000000000002,135,0.12083333333333333,0.018672680082984373,0.34120370370370373,0.0
0.7750000000000002,0.8250000000000003,0.7250000000000002,140,0.11527777777777777,0.015881384202818434,0.3148148148148148,0.0
0.7750000000000002,0.8250000000000003,0.7250000000000002,145,0.10625,0.014433756729740645,0.29768518518518516,0.0
0.7750000000000002,0.8250000000000003,0.7250000000000002,150,0.10625,0.013393959390267995,0.27499999999999997,0.0
0.8000000000000003,0.8500000000000003,0.7500000000000002,50,0.3736111111111111,0.007638888888888881,0.7398148148148147,0.0
0.8000000000000003,0.8500000000000003,0.7500000000000002,55,0.35555555555555557,0.0076388888888889,0.711574074074074,0.0
0.8000000000000003,0.8500000000000003,0.7500000000000002,60,0.31736111111111115,0.006172357234246933,0.6944444444444445,0.0
0.8000000000000003,0.8500000000000003,0.7500000000000002,65,0.28055555555555556,0.010015420209622188,0.673611111111111,0.0
0.8000000000000003,0.8500000000000003,0.7500000000000002,70,0.23680555555555557,0.010229805460177939,0.663425925925926,0.0
0.8000000000000003,0.8500000000000003,0.7500000000000002,75,0.21319444444444446,0.005555555555555555,0.6439814814814815,0.0
0.8000000000000003,0.8500000000000003,0.7500000000000002,80,0.19583333333333333,0.008419691425682045,0.6175925925925926,0.0
0.8000000000000003,0.8500000000000003,0.7500000000000002,85,0.18055555555555555,0.010229805460177937,0.5953703703703703,0.0
0.8000000000000003,0.8500000000000003,0.7500000000000002,90,0.17361111111111108,0.009027777777777777,0.5708333333333333,0.0
0.8000000000000003,0.8500000000000003,0.7500000000000002,95,0.16041666666666668,0.013871516913498735,0.5481481481481482,0.0
0.8000000000000003,0.8500000000000003,0.7500000000000002,100,0.15625,0.012672421938121296,0.5208333333333334,0.0
0.8000000000000003,0.8500000000000003,0.7500000000000002,105,0.1423611111111111,0.012108052620946316,0.49907407407407406,0.0
0.8000000000000003,0.8500000000000003,0.7500000000000002,110,0.13749999999999998,0.012672421938121296,0.4708333333333334,0.0
0.8000000000000003,0.8500000000000003,0.7500000000000002,115,0.13194444444444445,0.014500425706820206,0.4439814814814815,0.0
0.8000000000000003,0.8500000000000003,0.7500000000000002,120,0.12847222222222224,0.016241688282675693,0.4162037037037037,0.0
0.8000000000000003,0.8500000000000003,0.7500000000000002,125,0.12083333333333333,0.0162713534914722,0.3939814814814815,0.0
0.8000000000000003,0.8500000000000003,0.7500000000000002,130,0.12013888888888889,0.01633052224486784,0.3703703703703704,0.0
0.8000000000000003,0.8500000000000003,0.7500000000000002,135,0.11597222222222221,0.019849452677717296,0.3453703703703703,0.0
0.8000000000000003,0.8500000000000003,0.7500000000000002,140,0.11180555555555556,0.016896562584161723,0.3185185185185185,0.0
0.8000000000000003,0.8500000000000003,0.7500000000000002,145,0.10347222222222223,0.01565198287442312,0.30231481481481476,0.0
0.8000000000000003,0.8500000000000003,0.7500000000000002,150,0.10069444444444446,0.016896562584161723,0.27777777777777773,0.0
0.8250000000000003,0.8750000000000003,0.7750000000000002,50,0.3597222222222222,0.006172357234246946,0.749537037037037,0.0
0.8250000000000003,0.8750000000000003,0.7750000000000002,55,0.3326388888888889,0.0018373272993504038,0.725462962962963,0.0
0.8250000000000003,0.8750000000000003,0.7750000000000002,60,0.2951388888888889,0.010015420209622188,0.7087962962962964,0.0
0.8250000000000003,0.8750000000000003,0.7750000000000002,65,0.2625,0.012499999999999992,0.6865740740740741,0.0
0.8250000000000003,0.8750000000000003,0.7750000000000002,70,0.22430555555555554,0.010229805460177944,0.674074074074074,0.0
0.8250000000000003,0.8750000000000003,0.7750000000000002,75,0.20138888888888892,0.006944444444444448,0.6546296296296297,0.0
0.8250000000000003,0.8750000000000003,0.7750000000000002,80,0.18472222222222223,0.008008724024076947,0.6277777777777778,0.0
0.8250000000000003,0.8750000000000003,0.7750000000000002,85,0.16874999999999998,0.00962250448649377,0.6032407407407407,0.0
0.8250000000000003,0.8750000000000003,0.7750000000000002,90,0.16458333333333333,0.010825317547305478,0.5782407407407407,0.0
0.8250000000000003,0.8750000000000003,0.7750000000000002,95,0.15069444444444444,0.015230355694070358,0.5541666666666667,0.0
0.8250000000000003,0.8750000000000003,0.7750000000000002,100,0.1486111111111111,0.014500425706820206,0.5273148148148148,0.0
0.8250000000000003,0.8750000000000003,0.7750000000000002,105,0.13680555555555554,0.013940874930475512,0.5037037037037037,0.0
0.8250000000000003,0.8750000000000003,0.7750000000000002,110,0.13333333333333333,0.013871516913498734,0.4759259259259259,0.0
0.8250000000000003,0.8750000000000003,0.7750000000000002,115,0.12777777777777777,0.01569813132702405,0.44768518518518513,0.0
0.8250000000000003,0.8750000000000003,0.7750000000000002,120,0.12569444444444444,0.015039172102574798,0.4199074074074074,0.0
0.8250000000000003,0.8750000000000003,0.7750000000000002,125,0.11805555555555554,0.01633052224486785,0.399537037037037,0.0
0.8250000000000003,0.8750000000000003,0.7750000000000002,130,0.1173611111111111,0.01641887557991235,0.3726851851851852,0.0
0.8250000000000003,0.8750000000000003,0.7750000000000002,135,0.11388888888888889,0.019257534199808402,0.3476851851851852,0.0
0.8250000000000003,0.8750000000000003,0.7750000000000002,140,0.10902777777777778,0.0162416882826757,0.31990740740740736,0.0
0.8250000000000003,0.8750000000000003,0.7750000000000002,145,0.10277777777777779,0.01569813132702405,0.30277777777777776,0.0
0.8250000000000003,0.8750000000000003,0.7750000000000002,150,0.10000000000000002,0.016967766281764746,0.27824074074074073,0.0
0.8500000000000003,0.9000000000000004,0.8000000000000003,50,0.3458333333333334,0.00954703269782467,0.7578703703703704,0.0
0.8500000000000003,0.9000000000000004,0.8000000000000003,55,0.31736111111111115,0.004861111111111109,0.7337962962962963,0.0
0.8500000000000003,0.9000000000000004,0.8000000000000003,60,0.27777777777777773,0.011176025652382694,0.7185185185185184,0.0
0.8500000000000003,0.9000000000000004,0.8000000000000003,65,0.24097222222222223,0.010370267029908392,0.6990740740740741,0.0
0.8500000000000003,0.9000000000000004,0.8000000000000003,70,0.2076388888888889,0.012108052620946315,0.6847222222222222,0.0
0.8500000000000003,0.9000000000000004,0.8000000000000003,75,0.18055555555555558,0.009107553505975002,0.6689814814814815,0.0
0.8500000000000003,0.9000000000000004,0.8000000000000003,80,0.1638888888888889,0.00870136394870949,0.6430555555555556,0.0
0.8500000000000003,0.9000000000000004,0.8000000000000003,85,0.15,0.007511565157216643,0.6171296296296296,0.0
0.8500000000000003,0.9000000000000004,0.8000000000000003,90,0.14305555555555555,0.012634309304625174,0.5925925925925926,0.0
0.8500000000000003,0.9000000000000004,0.8000000000000003,95,0.13402777777777777,0.013678969169161264,0.5652777777777778,0.0
0.8500000000000003,0.9000000000000004,0.8000000000000003,100,0.13194444444444445,0.014044269733442142,0.5356481481481481,0.0
0.8500000000000003,0.9000000000000004,0.8000000000000003,105,0.12569444444444444,0.014044269733442138,0.5106481481481482,0.0
0.8500000000000003,0.9000000000000004,0.8000000000000003,110,0.12361111111111112,0.013303641708797234,0.48194444444444445,0.0
0.8500000000000003,0.9000000000000004,0.8000000000000003,115,0.12013888888888889,0.013940874930475512,0.4532407407407408,0.0
0.8500000000000003,0.9000000000000004,0.8000000000000003,120,0.11805555555555557,0.013249155575235354,0.42546296296296293,0.0
0.8500000000000003,0.9000000000000004,0.8000000000000003,125,0.11180555555555556,0.014698618394803284,0.4046296296296296,0.0
0.8500000000000003,0.9000000000000004,0.8000000000000003,130,0.11041666666666666,0.015774745405000762,0.3782407407407407,0.0
0.8500000000000003,0.9000000000000004,0.8000000000000003,135,0.10833333333333334,0.017471868924179342,0.350462962962963,0.0
0.8500000000000003,0.9000000000000004,0.8000000000000003,140,0.10555555555555556,0.01565198287442312,0.32268518518518513,0.0
0.8500000000000003,0.9000000000000004,0.8000000000000003,145,0.10069444444444446,0.015698131327024054,0.30277777777777776,0.0
0.8500000000000003,0.9000000000000004,0.8000000000000003,150,0.09861111111111111,0.016896562584161726,0.2787037037037037,0.0
0.8750000000000003,0.9250000000000004,0.8250000000000003,50,0.3347222222222222,0.006944444444444439,0.7666666666666666,0.0
0.8750000000000003,0.9250000000000004,0.8250000000000003,55,0.30277777777777776,0.0030270131552365856,0.7453703703703703,0.0
0.8750000000000003,0.9250000000000004,0.8250000000000003,60,0.2673611111111111,0.007250212853410111,0.725462962962963,0.0
0.8750000000000003,0.9250000000000004,0.8250000000000003,65,0.23055555555555554,0.007047841364647375,0.7064814814814815,0.0
0.8750000000000003,0.9250000000000004,0.8250000000000003,70,0.19652777777777777,0.009722222222222215,0.6935185185185185,0.0
0.8750000000000003,0.9250000000000004,0.8250000000000003,75,0.16458333333333333,0.006696979695133998,0.6791666666666667,0.0
0.8750000000000003,0.9250000000000004,0.8250000000000003,80,0.14444444444444446,0.008187379251771945,0.6564814814814814,0.0
0.8750000000000003,0.9250000000000004,0.8250000000000003,85,0.13333333333333333,0.011474105306846042,0.6291666666666668,0.0
0.8750000000000003,0.9250000000000004,0.8250000000000003,90,0.12430555555555556,0.01624168828267569,0.6050925925925926,0.0
0.8750000000000003,0.9250000000000004,0.8250000000000003,95,0.12152777777777778,0.016853695971543885,0.5731481481481481,0.0
0.8750000000000003,0.9250000000000004,0.8250000000000003,100,0.12013888888888889,0.016853695971543885,0.5449074074074074,0.0
0.8750000000000003,0.9250000000000004,0.8250000000000003,105,0.1173611111111111,0.015698131327024054,0.5171296296296296,0.0
0.8750000000000003,0.9250000000000004,0.8250000000000003,110,0.11597222222222221,0.014450452810197788,0.4875,0.0
0.8750000000000003,0.9250000000000004,0.8250000000000003,115,0.11388888888888889,0.015135065776182894,0.45787037037037037,0.0
0.8750000000000003,0.9250000000000004,0.8250000000000003,120,0.1125,0.013871516913498739,0.43009259259259264,0.0
0.8750000000000003,0.9250000000000004,0.8250000000000003,125,0.10902777777777778,0.015698131327024054,0.4050925925925926,0.0
0.8750000000000003,0.9250000000000004,0.8250000000000003,130,0.10694444444444445,0.017444245398722878,0.37916666666666665,0.0
0.8750000000000003,0.9250000000000004,0.8250000000000003,135,0.10625,0.01804219591217581,0.3490740740740741,0.0
0.8750000000000003,0.9250000000000004,0.8250000000000003,140,0.10347222222222223,0.0162416882826757,0.3263888888888889,0.0
0.8750000000000003,0.9250000000000004,0.8250000000000003,145,0.09930555555555555,0.015651982874423116,0.30277777777777776,0.0
0.8750000000000003,0.9250000000000004,0.8250000000000003,150,0.09791666666666667,0.016271353491472195,0.27824074074074073,0.0
0.9000000000000004,0.9500000000000004,0.8500000000000003,50,0.3277777777777778,0.00870136394870949,0.7726851851851851,0.0
0.9000000000000004,0.9500000000000004,0.8500000000000003,55,0.2923611111111111,0.006624577787617673,0.7537037037037037,0.0
0.9000000000000004,0.9500000000000004,0.8500000000000003,60,0.2569444444444444,0.007825991437211556,0.7337962962962963,0.0
0.9000000000000004,0.9500000000000004,0.8500000000000003,65,0.21944444444444444,0.00870136394870949,0.7166666666666668,0.0
0.9000000000000004,0.9500000000000004,0.8500000000000003,70,0.18333333333333335,0.009081039465709737,0.7041666666666666,0.0
0.9000000000000004,0.9500000000000004,0.8500000000000003,75,0.15347222222222223,0.007825991437211556,0.6898148148148149,0.0
0.9000000000000004,0.9500000000000004,0.8500000000000003,80,0.13472222222222222,0.00870136394870949,0.6657407407407407,0.0
0.9000000000000004,0.9500000000000004,0.8500000000000003,85,0.12013888888888889,0.01234471446849387,0.6402777777777778,0.0
0.9000000000000004,0.9500000000000004,0.8500000000000003,90,0.11458333333333333,0.01507120445431299,0.6143518518518518,0.0
0.9000000000000004,0.9500000000000004,0.8500000000000003,95,0.1125,0.015071204454312993,0.5833333333333334,0.0
0.9000000000000004,0.9500000000000004,0.8500000000000003,100,0.11180555555555556,0.015135065776182897,0.5546296296296296,0.0
0.9000000000000004,0.9500000000000004,0.8500000000000003,105,0.1111111111111111,0.015230355694070358,0.5254629629629629,0.0
0.9000000000000004,0.9500000000000004,0.8500000000000003,110,0.10972222222222222,0.013940874930475506,0.4939814814814815,0.0
0.9000000000000004,0.9500000000000004,0.8500000000000003,115,0.10902777777777778,0.014500425706820206,0.4634259259259259,0.0
0.9000000000000004,0.9500000000000004,0.8500000000000003,120,0.10833333333333334,0.013871516913498735,0.4361111111111111,0.0
0.9000000000000004,0.9500000000000004,0.8500000000000003,125,0.10555555555555556,0.01565198287442312,0.40972222222222227,0.0
0.9000000000000004,0.9500000000000004,0.8500000000000003,130,0.10416666666666667,0.016839382851364087,0.3833333333333333,0.0
0.9000000000000004,0.9500000000000004,0.8500000000000003,135,0.10347222222222223,0.017444245398722875,0.35324074074074074,0.0
0.9000000000000004,0.9500000000000004,0.8500000000000003,140,0.10069444444444443,0.015651982874423116,0.32962962962962966,0.0
0.9000000000000004,0.9500000000000004,0.8500000000000003,145,0.09791666666666667,0.015636569790552366,0.3055555555555556,0.0
0.9000000000000004,0.9500000000000004,0.8500000000000003,150,0.09722222222222222,0.01565198287442312,0.2796296296296296,0.0
