poorer_quality,better_quality,reference_supply,reference_outcome,required_supply_better_classifier,housing_equivalent
0.6,0.7,50.0,0.4694444444444444,50.0,0.0
0.6,0.7,55.0,0.44861111111111107,50.0,5.0
0.6,0.7,60.0,0.4298611111111111,50.0,10.0
0.6,0.7,65.0,0.40625,54.218750000000014,10.781249999999986
0.6,0.7,70.0,0.36874999999999997,61.16279069767443,8.837209302325569
0.6,0.7,75.0,0.33819444444444446,65.96491228070175,9.035087719298247
0.6,0.7,80.0,0.3159722222222222,68.7719298245614,11.228070175438603
0.6,0.7,85.0,0.3020833333333333,70.83333333333333,14.166666666666671
0.6,0.7,90.0,0.29097222222222224,73.05555555555554,16.944444444444457
0.6,0.7,95.0,0.2729166666666667,76.875,18.125
0.6,0.7,100.0,0.25833333333333336,80.29411764705883,19.705882352941174
0.6,0.7,105.0,0.23819444444444446,88.24999999999999,16.750000000000014
0.6,0.7,110.0,0.22569444444444442,92.75,17.25
0.6,0.7,115.0,0.21388888888888888,96.90476190476191,18.095238095238088
0.6,0.7,120.0,0.1951388888888889,102.91666666666667,17.08333333333333
0.6,0.7,125.0,0.18611111111111112,106.66666666666666,18.333333333333343
0.6,0.7,130.0,0.17569444444444446,115.9090909090909,14.090909090909093
0.6,0.7,135.0,0.15555555555555556,125.0,10.0
0.6,0.7,140.0,0.14375000000000002,128.86363636363635,11.136363636363654
0.6,0.7,145.0,0.1326388888888889,135.5,9.5
0.6,0.7,150.0,0.12013888888888889,144.49999999999997,5.500000000000028
0.6,0.8,50.0,0.4694444444444444,50.0,0.0
0.6,0.8,55.0,0.44861111111111107,50.0,5.0
0.6,0.8,60.0,0.4298611111111111,50.0,10.0
0.6,0.8,65.0,0.40625,50.0,15.0
0.6,0.8,70.0,0.36874999999999997,51.346153846153854,18.653846153846146
0.6,0.8,75.0,0.33819444444444446,57.27272727272727,17.727272727272727
0.6,0.8,80.0,0.3159722222222222,60.188679245283026,19.811320754716974
0.6,0.8,85.0,0.3020833333333333,62.07547169811321,22.924528301886788
0.6,0.8,90.0,0.29097222222222224,63.58490566037736,26.41509433962264
0.6,0.8,95.0,0.2729166666666667,65.87301587301587,29.126984126984127
0.6,0.8,100.0,0.25833333333333336,67.53968253968253,32.46031746031747
0.6,0.8,105.0,0.23819444444444446,69.84126984126983,35.158730158730165
0.6,0.8,110.0,0.22569444444444442,72.3529411764706,37.647058823529406
0.6,0.8,115.0,0.21388888888888888,74.8529411764706,40.147058823529406
0.6,0.8,120.0,0.1951388888888889,80.22727272727272,39.77272727272728
0.6,0.8,125.0,0.18611111111111112,83.18181818181817,41.81818181818183
0.6,0.8,130.0,0.17569444444444446,88.49999999999997,41.50000000000003
0.6,0.8,135.0,0.15555555555555556,100.25,34.75
0.6,0.8,140.0,0.14375000000000002,104.49999999999999,35.500000000000014
0.6,0.8,145.0,0.1326388888888889,114.375,30.625
0.6,0.8,150.0,0.12013888888888889,130.0,20.0
0.6,0.9,50.0,0.4694444444444444,50.0,0.0
0.6,0.9,55.0,0.44861111111111107,50.0,5.0
0.6,0.9,60.0,0.4298611111111111,50.0,10.0
0.6,0.9,65.0,0.40625,50.0,15.0
0.6,0.9,70.0,0.36874999999999997,50.0,20.0
0.6,0.9,75.0,0.33819444444444446,50.0,25.0
0.6,0.9,80.0,0.3159722222222222,51.66666666666667,28.33333333333333
0.6,0.9,85.0,0.3020833333333333,53.62745098039216,31.37254901960784
0.6,0.9,90.0,0.29097222222222224,55.19607843137255,34.80392156862745
0.6,0.9,95.0,0.2729166666666667,57.745098039215684,37.254901960784316
0.6,0.9,100.0,0.25833333333333336,59.803921568627445,40.196078431372555
0.6,0.9,105.0,0.23819444444444446,62.5,42.5
0.6,0.9,110.0,0.22569444444444442,64.16666666666667,45.83333333333333
0.6,0.9,115.0,0.21388888888888888,65.76923076923077,49.230769230769226
0.6,0.9,120.0,0.1951388888888889,68.36538461538461,51.63461538461539
0.6,0.9,125.0,0.18611111111111112,69.61538461538461,55.38461538461539
0.6,0.9,130.0,0.17569444444444446,71.27906976744185,58.720930232558146
0.6,0.9,135.0,0.15555555555555556,74.65116279069768,60.34883720930232
0.6,0.9,140.0,0.14375000000000002,77.59259259259258,62.40740740740742
0.6,0.9,145.0,0.1326388888888889,80.71428571428571,64.28571428571429
0.6,0.9,150.0,0.12013888888888889,85.0,65.0
0.7,0.8,50.0,0.425,50.0,0.0
0.7,0.8,55.0,0.40277777777777785,50.0,5.0
0.7,0.8,60.0,0.3756944444444445,50.0,10.0
0.7,0.8,65.0,0.3458333333333334,56.272727272727266,8.727272727272734
0.7,0.8,70.0,0.30624999999999997,61.50943396226416,8.490566037735839
0.7,0.8,75.0,0.28125,64.90566037735849,10.094339622641513
0.7,0.8,80.0,0.2590277777777778,67.46031746031746,12.539682539682545
0.7,0.8,85.0,0.24722222222222223,68.80952380952381,16.19047619047619
0.7,0.8,90.0,0.2333333333333333,70.73529411764707,19.264705882352928
0.7,0.8,95.0,0.21944444444444444,73.6764705882353,21.323529411764696
0.7,0.8,100.0,0.20486111111111113,77.39999999999999,22.60000000000001
0.7,0.8,105.0,0.18819444444444444,82.5,22.5
0.7,0.8,110.0,0.18194444444444444,84.54545454545455,25.454545454545453
0.7,0.8,115.0,0.17847222222222223,86.49999999999999,28.500000000000014
0.7,0.8,120.0,0.16319444444444445,93.94736842105263,26.05263157894737
0.7,0.8,125.0,0.15555555555555556,100.25,24.75
0.7,0.8,130.0,0.14027777777777778,107.14285714285712,22.857142857142875
0.7,0.8,135.0,0.13333333333333333,113.75,21.25
0.7,0.8,140.0,0.12638888888888888,121.36363636363637,18.636363636363626
0.7,0.8,145.0,0.11944444444444442,130.83333333333337,14.166666666666629
0.7,0.8,150.0,0.11527777777777777,135.83333333333334,14.166666666666657
0.7,0.9,50.0,0.425,50.0,0.0
0.7,0.9,55.0,0.40277777777777785,50.0,5.0
0.7,0.9,60.0,0.3756944444444445,50.0,10.0
0.7,0.9,65.0,0.3458333333333334,50.0,15.0
0.7,0.9,70.0,0.30624999999999997,53.03921568627452,16.960784313725483
0.7,0.9,75.0,0.28125,56.568627450980394,18.431372549019606
0.7,0.9,80.0,0.2590277777777778,59.70588235294117,20.294117647058833
0.7,0.9,85.0,0.24722222222222223,61.29629629629629,23.70370370370371
0.7,0.9,90.0,0.2333333333333333,63.14814814814815,26.851851851851848
0.7,0.9,95.0,0.21944444444444444,65.0,30.0
0.7,0.9,100.0,0.20486111111111113,67.01923076923077,32.980769230769226
0.7,0.9,105.0,0.18819444444444444,69.32692307692308,35.67307692307692
0.7,0.9,110.0,0.18194444444444444,70.23255813953489,39.76744186046511
0.7,0.9,115.0,0.17847222222222223,70.81395348837209,44.18604651162791
0.7,0.9,120.0,0.16319444444444445,73.37209302325581,46.627906976744185
0.7,0.9,125.0,0.15555555555555556,74.65116279069768,50.34883720930232
0.7,0.9,130.0,0.14027777777777778,78.51851851851852,51.48148148148148
0.7,0.9,135.0,0.13333333333333333,80.47619047619048,54.52380952380952
0.7,0.9,140.0,0.12638888888888888,82.85714285714286,57.14285714285714
0.7,0.9,145.0,0.11944444444444442,85.62500000000003,59.37499999999997
0.7,0.9,150.0,0.11527777777777777,89.375,60.625
0.8,0.9,50.0,0.3736111111111111,50.0,0.0
0.8,0.9,55.0,0.35555555555555557,50.0,5.0
0.8,0.9,60.0,0.31736111111111115,51.470588235294116,8.529411764705884
0.8,0.9,65.0,0.28055555555555556,56.666666666666664,8.333333333333336
0.8,0.9,70.0,0.23680555555555557,62.68518518518518,7.314814814814817
0.8,0.9,75.0,0.21319444444444446,65.86538461538461,9.134615384615387
0.8,0.9,80.0,0.19583333333333333,68.26923076923077,11.730769230769226
0.8,0.9,85.0,0.18055555555555555,70.46511627906978,14.534883720930225
0.8,0.9,90.0,0.17361111111111108,71.6279069767442,18.3720930232558
0.8,0.9,95.0,0.16041666666666668,73.83720930232558,21.162790697674424
0.8,0.9,100.0,0.15625,74.53488372093024,25.46511627906976
0.8,0.9,105.0,0.1423611111111111,77.96296296296296,27.037037037037038
0.8,0.9,110.0,0.13749999999999998,79.25925925925927,30.740740740740733
0.8,0.9,115.0,0.13194444444444445,80.95238095238095,34.04761904761905
0.8,0.9,120.0,0.12847222222222224,82.14285714285714,37.85714285714286
0.8,0.9,125.0,0.12083333333333333,84.76190476190476,40.23809523809524
0.8,0.9,130.0,0.12013888888888889,85.0,45.0
0.8,0.9,135.0,0.11597222222222221,88.75,46.25
0.8,0.9,140.0,0.11180555555555556,100.0,40.0
0.8,0.9,145.0,0.10347222222222223,135.0,10.0
0.8,0.9,150.0,0.10069444444444446,139.99999999999994,10.000000000000057
